Campaign,Keyword,Match type
C2 — ISO 27001 hoofdkeywords,cursus,Broad
C2 — ISO 27001 hoofdkeywords,training,Broad
C2 — ISO 27001 hoofdkeywords,opleiding,Broad
C2 — ISO 27001 hoofdkeywords,vacature,Broad
C2 — ISO 27001 hoofdkeywords,salaris,Broad
C2 — ISO 27001 hoofdkeywords,wikipedia,Broad
C2 — ISO 27001 hoofdkeywords,gratis pdf,Phrase
C2 — ISO 27001 hoofdkeywords,free download,Phrase
C2 — ISO 27001 hoofdkeywords,lead auditor cursus,Phrase
C2 — ISO 27001 hoofdkeywords,iso 27002,Phrase
C2 — ISO 27001 hoofdkeywords,iso 9001,Phrase
C2 — ISO 27001 hoofdkeywords,iso 14001,Phrase
C2 — ISO 27001 hoofdkeywords,iso 22301,Phrase
C2 — ISO 27001 hoofdkeywords,definitie,Broad
C2 — ISO 27001 hoofdkeywords,betekenis,Broad
C2 — ISO 27001 hoofdkeywords,zelf doen,Phrase
C2 — ISO 27001 hoofdkeywords,gratis,Broad
C2 — ISO 27001 hoofdkeywords,bio basisbeveiliging,Phrase
